#,Practice / Provider,Type,Specialty,Address,City,Phone,NPI,Motion,Tier,Status,Last Contact,Next Action,Notes
1,GOOD NEIGHBOR CLINIC FOUNDATION,Org,Family/Geriatric,4300 Crenshaw Blvd,Los Angeles,323-298-1668,1043162076,Client,1,New,,Call — reach office manager,On Crenshaw Blvd — direct corridor target. Lead with local clinic angle.
2,AUDACITY GLOBAL,Org,Community Health,8928 S Figueroa St,Los Angeles,213-537-3881,1306646526,Client,1,New,,Call — reach office manager,South LA community health — high chronic-condition panel likely.
3,SYLVIA GATES CARLISLE,Ind,IM / Geriatric,4859 W Slauson Ave Ste 213,Los Angeles,323-628-6500,1386131340,Both,1,New,,Call — reach office manager,South LA geriatrician — strong client AND supervising-physician partner candidate.
4,ADVANCED COMMUNITY MEDICAL CARE CORP,Org,IM / Nephrology,301 N Prairie Ave Ste 505,Inglewood,310-680-1810,1548329485,Client,1,New,,Call — reach office manager,"Inglewood — CKD + chronic panel, good RPM fit."
5,ANITHA MITCHELL MD A PROF CORP,Org,Internal Medicine,211 N Prairie Ave,Inglewood,310-673-9499,1235528092,Client,1,New,,Call — reach office manager,Inglewood IM solo/group.
6,BABAK BARADAR-BOKAIE MD INC,Org,Internal Medicine,511 E Manchester Blvd,Inglewood,310-672-9000,1760438725,Client,1,New,,Call — reach office manager,Inglewood IM.
7,"BREANNA R. FREEMAN-JORDAN MD, INC",Org,Internal Medicine,233 N Prairie Ave,Inglewood,310-673-6581,1598655326,Client,1,New,,Call — reach office manager,Inglewood IM.
8,"COMMUNITY WELLNESS MEDICAL CLINIC, INC",Org,Family Medicine,1218 S Inglewood Ave,Inglewood,310-722-5146,1821642059,Client,1,New,,Call — reach office manager,Inglewood FM clinic.
9,"HEALTH FOR LIFE, INC",Org,Internal Medicine,633 Aerick St Ste 125,Inglewood,310-981-9299,1457827578,Client,1,New,,Call — reach office manager,Inglewood IM.
10,"JCW MEDICAL CENTERS, INC.",Org,Internal Medicine,1035 S Prairie Ave Ste 1,Inglewood,310-672-6500,1669969218,Client,1,New,,Call — reach office manager,Multi-site IM — scalable account.
11,1 FAMILY CLINIC INC,Org,Family/Geriatric,701 N Alvarado St Ste B,Los Angeles,213-263-9095,1487344586,Client,2,New,,Call — reach office manager,Westlake/MacArthur Park FM.
12,ALVARADO HEALTHCARE INC,Org,Family/Geriatric,701 N Alvarado St Fl 1,Los Angeles,213-277-1451,1033945662,Client,2,New,,Call — reach office manager,Same building as 1 Family — possible cluster visit.
13,AHRA CHO M D INC,Org,Primary Care,2727 W Olympic Blvd Ste 205,Los Angeles,213-529-4251,1972081412,Client,2,New,,Call — reach office manager,Koreatown — often heavy Medicare Advantage panels.
14,"DONG HYUN LEE, MD, INC",Org,IM / Geriatric,2727 W Olympic Blvd Ste 309,Los Angeles,213-674-7758,1538723382,Client,2,New,,Call — reach office manager,Same building as Ahra Cho — cluster.
15,HUMANE MEDICAL GROUP,Org,Internal Medicine,3030 W Olympic Blvd Ste 220,Los Angeles,213-446-3046,1164251633,Client,2,New,,Call — reach office manager,Mid-Wilshire IM group.
16,"DR. SUNIL SINGHANIA, PC",Org,IM / Geriatric,1245 Wilshire Blvd Ste 607,Los Angeles,213-977-0187,1144521774,Client,2,New,,Call — reach office manager,Geriatric-focused IM.
17,DR. RODNEY BARRON MEDICAL CLINIC,Org,Family/Geriatric,1211 N Vermont Ave,Los Angeles,323-664-4114,1578891867,Client,2,New,,Call — reach office manager,East Hollywood FM.
18,HOLLYWOOD FAMILY CLINIC INC,Org,Family/Geriatric,866 N Vermont Ave Ste 3,Los Angeles,323-407-6597,1629912100,Client,2,New,,Call — reach office manager,East Hollywood FM.
19,JAE HOON LEE MD INC,Org,Family/Geriatric,4221 Wilshire Blvd Ste 311,Los Angeles,323-917-5155,1548961204,Client,2,New,,Call — reach office manager,Mid-Wilshire FM.
20,DANIEL RHEEM MD INC,Org,Internal Medicine,505 S Virgil Ave Ste 101,Los Angeles,213-381-3630,1982133492,Client,2,New,,Call — reach office manager,Virgil/Koreatown IM.
21,"ERWINN MARTIN C SISTOZA, M.D.,INC",Org,IM / Geriatric,1711 W Temple St,Los Angeles,310-989-6107,1104016856,Client,2,New,,Call — reach office manager,Temple St medical row — multiple targets nearby.
22,"DWIGHT H. SMITH, M.D., INC",Org,Internal Medicine,1711 W Temple St,Los Angeles,213-413-0001,1942338876,Client,2,New,,Call — reach office manager,Same building as Sistoza — cluster visit.
23,DETERMINED MEDICAL INC,Org,Family/Geriatric,3415 S Sepulveda Blvd Ste 1000,Los Angeles,800-800-0211,1639948557,Client,2,New,,Call — reach office manager,West LA FM/geriatric.
24,HARMONIC MEDICAL GROUP OF SO CAL PC,Org,Family/Geriatric,11620 Wilshire Blvd Ste 600,Los Angeles,862-375-6089,1609638535,Client,2,New,,Call — reach office manager,West LA group.
25,GHODS INC,Org,Internal Medicine,955 Carrillo Dr Ste 300,Los Angeles,424-258-0124,1790344869,Client,2,New,,Call — reach office manager,Mid-City IM.
26,JUNO MEDICAL PRACTICE,Org,Family Medicine,205 N Market St,Inglewood,888-813-7317,1134802689,Client,2,New,,Call — reach office manager,"Inglewood FM — central line, screen for panel size."
27,AERICKS MEDICAL CLINIC INC,Org,Family Medicine,645 Aerick St Ste 2,Inglewood,310-810-1058,1982588737,Client,2,New,,Call — reach office manager,Inglewood FM.
28,ANDREW STEVEN CHAN,Ind,IM / Geriatric,1701 E Cesar E Chavez Ave,Los Angeles,323-226-1100,1104975507,Both,2,New,,Call — reach office manager,Boyle Heights geriatrician — client or partner.
29,DAVID C. CHANG,Ind,Family/Geriatric,4733 W Sunset Blvd,Los Angeles,323-783-4011,1801968136,Both,2,New,,Call — reach office manager,Silver Lake FM/geriatric.
30,ALTAMED,Org,IM / Geriatric,5425 Pomona Blvd,Los Angeles,323-725-8751,1871030718,Client,3,New,,Call — reach office manager,"Large FQHC system — long sales cycle, likely in-house program. Strategic/partner-channel only."
31,"CHAPARRAL MEDICAL GROUP, INC.",Org,Internal Medicine,1866 N Orange Grove Ave,Pomona,909-623-8796,1437111028,Client,3,New,,Call — reach office manager,Pomona group — outside core area; phone screen first.
32,MARIE ADACHI,Ind,IM / Geriatric,200 UCLA Medical Plz Ste 365A,Los Angeles,310-206-8272,1629496740,Partner,3,New,,Call — reach office manager,UCLA academic geriatrician — KOL / clinical-advisor or referral channel.
33,SUSAN LOUISE CHARETTE,Ind,IM / Geriatric,200 Medical Plaza,Los Angeles,310-206-8272,1447285341,Partner,3,New,,Call — reach office manager,UCLA geriatrics — advisor/referral channel.
34,STEVEN CHARLES CASTLE,Ind,IM / Geriatric,11301 Wilshire Blvd,Los Angeles,310-268-4671,1619069325,Partner,3,New,,Call — reach office manager,VA/academic geriatrician — advisor/referral.
35,MIRA CANTRELL,Ind,IM / Geriatric,11500 Nimitz Ave,Los Angeles,424-832-8268,1932147055,Partner,3,New,,Call — reach office manager,VA geriatrician — advisor/referral.
36,"JULIA K BAIL, NP",Ind,NP — Gerontology,200 Med Plz,Los Angeles,310-206-6232,1164592408,Partner,3,New,,Call — reach office manager,Gerontology NP — fits the NP/PA supervising-clinician partner model.
